{
  "nodes": {
    "enc_006": {
      "x": -292.4285185414902,
      "y": 241.2267064486976
    },
    "pcb_006": {
      "x": 299.79999999999995,
      "y": -202
    },
    "pcb_007": {
      "x": -177,
      "y": 694
    },
    "pcb_005": {
      "x": 174.79999999999995,
      "y": 120
    },
    "enc_005": {
      "x": 2478.117767489193,
      "y": -1010.4171519514038
    },
    "enc_003": {
      "x": 703.5018811516179,
      "y": -1215.6273292295891
    },
    "enc_004": {
      "x": 491.5832582607506,
      "y": 151.8464659624067
    },
    "enc_001": {
      "x": -2.995818012755251,
      "y": -553.3150564901343
    },
    "pcb_002": {
      "x": 605.4523020091565,
      "y": 245.05050730804567
    },
    "pcb_004": {
      "x": 1042.0955007550942,
      "y": -242.37330100889992
    },
    "enc_002": {
      "x": 1472.6951722993279,
      "y": -320.6136014616384
    },
    "pcb_003": {
      "x": 359.99875961230225,
      "y": -429.32839667583835
    },
    "pcb_001": {
      "x": 296.4,
      "y": 40
    },
    "enc_007": {
      "x": 1870.7559762914227,
      "y": -1056.151691580819
    },
    "enc_008": {
      "x": 1824.9517415347655,
      "y": 245.1913287875517
    },
    "enc_009": {
      "x": -19.228194066399453,
      "y": 506.99572262088793
    }
  },
  "ports": {
    "con_039": {
      "x": 222.52551079872364,
      "y": 175.73372311845588
    },
    "con_031": {
      "x": 63,
      "y": 48
    },
    "con_032": {
      "x": 240,
      "y": 48
    },
    "con_033": {
      "x": 330,
      "y": 48
    },
    "con_034": {
      "x": 122.60717369546373,
      "y": 149.23156622410846
    },
    "con_035": {
      "x": 240,
      "y": 100
    },
    "con_036": {
      "x": 330,
      "y": 100
    },
    "con_045": {
      "x": 21.83641979770941,
      "y": 90.47722563369751
    },
    "con_003": {
      "x": 12,
      "y": 359.51894670157316
    },
    "con_004": {
      "x": 611.5624429925508,
      "y": 173.0495169209762
    },
    "con_005": {
      "x": 548.6931234183331,
      "y": 306.94160836674786
    },
    "con_006": {
      "x": 12,
      "y": 411.51894670157316
    },
    "con_007": {
      "x": 417.9179564371316,
      "y": 182.4823193105227
    },
    "con_008": {
      "x": 8.728216735070191,
      "y": 534.6343142650055
    },
    "con_009": {
      "x": 615.4636827578768,
      "y": 357.0132807299426
    },
    "con_010": {
      "x": 383.4840349151327,
      "y": 442.87271247801243
    },
    "con_011": {
      "x": 257.9138792627491,
      "y": 450.77510615330414
    },
    "con_012": {
      "x": 796.7124907976452,
      "y": 172.17951709565008
    },
    "con_013": {
      "x": 295.42637911857037,
      "y": 31.082295243159933
    },
    "con_014": {
      "x": 0,
      "y": 153.80217539078726
    },
    "con_015": {
      "x": 71.07293311592673,
      "y": 470.26773088741254
    },
    "con_030": {
      "x": 109.39991103577326,
      "y": 121.50936681945143
    },
    "con_038": {
      "x": 72.82442345758494,
      "y": 40.00346427191104
    },
    "con_040": {
      "x": 0,
      "y": 312
    },
    "con_028": {
      "x": 175.68171255245454,
      "y": 3.931325606345524
    },
    "con_016": {
      "x": 372.6169865276544,
      "y": 62.99558686194547
    },
    "con_022": {
      "x": 380,
      "y": 254.15987924678183
    },
    "con_042": {
      "x": 47.62493797028151,
      "y": 75.7082850879965
    },
    "con_037": {
      "x": 0,
      "y": 40.043457466569805
    },
    "con_001": {
      "x": 12,
      "y": 179.99999999999994
    },
    "con_002": {
      "x": 102,
      "y": 179.99999999999994
    },
    "con_082": {
      "x": 192,
      "y": 283.99999999999994
    },
    "con_084": {
      "x": 12,
      "y": 335.99999999999994
    },
    "con_086": {
      "x": 102,
      "y": 335.99999999999994
    }
  },
  "sizes": {
    "pcb_005": {
      "w": 261,
      "h": 220
    },
    "pcb_002": {
      "w": 896.7124907976452,
      "h": 543
    },
    "pcb_003": {
      "w": 443.47890629984,
      "h": 344.3117972362912
    },
    "enc_002": {
      "w": 488,
      "h": 222
    },
    "enc_005": {
      "w": 554,
      "h": 471
    },
    "con_005": {
      "w": 50,
      "h": 58
    },
    "con_039": {
      "w": 154,
      "h": 170
    },
    "con_045": {
      "w": 56,
      "h": 64
    },
    "con_011": {
      "w": 59,
      "h": 33
    },
    "con_010": {
      "w": 64,
      "h": 52
    },
    "con_034": {
      "w": 41,
      "h": 52
    },
    "con_028": {
      "w": 47,
      "h": 38
    },
    "con_016": {
      "w": 70,
      "h": 32
    },
    "con_022": {
      "w": 63,
      "h": 32
    },
    "con_037": {
      "w": 93,
      "h": 102
    },
    "con_007": {
      "w": 43,
      "h": 51
    },
    "con_031": {
      "w": 187,
      "h": 32
    },
    "enc_001": {
      "w": 389,
      "h": 312
    }
  },
  "free": {
    "con_021": {
      "x": 413.1479569895163,
      "y": 279.9823287254842
    },
    "con_018": {
      "x": 340.1479569895163,
      "y": 145.9823287254842
    },
    "con_016": {
      "x": 385.1479569895163,
      "y": 76.98232872548418
    },
    "con_026": {
      "x": 70.14795698951627,
      "y": 122.98232872548418
    },
    "con_024": {
      "x": 75.14795698951627,
      "y": 233.9823287254842
    },
    "con_006": {
      "x": 173.28139710171592,
      "y": 33.30476778847094
    },
    "con_015": {
      "x": 122.57741378862113,
      "y": 246.922377413883
    },
    "con_012": {
      "x": 391.4405654400983,
      "y": 195.4792473145029
    },
    "con_013": {
      "x": -238.46334124344878,
      "y": 459.4662549297472
    },
    "con_014": {
      "x": 446.7661959243373,
      "y": 106.18173846274874
    },
    "con_027": {
      "x": 76.57884371422927,
      "y": 55.083812522932604
    },
    "con_009": {
      "x": 527.1626201114468,
      "y": 283.0560367420403
    },
    "con_005": {
      "x": 334.67481499281485,
      "y": 11
    },
    "con_011": {
      "x": 175.67481499281485,
      "y": 304.0560367420403
    },
    "con_023": {
      "x": 94.12702810274163,
      "y": 298.04745000317837
    },
    "con_029": {
      "x": 264.4721524718112,
      "y": 29.714251846803393
    },
    "con_017": {
      "x": 288.1479569895163,
      "y": 286.9823287254842
    },
    "con_019": {
      "x": 332.6528467889084,
      "y": 209.67957289309493
    },
    "con_020": {
      "x": 416.22883039122667,
      "y": 196.72183800062737
    },
    "con_028": {
      "x": 199.46265323923012,
      "y": 36.849440786964735
    },
    "con_040": {
      "x": 25,
      "y": 333.04745000317837
    },
    "con_025": {
      "x": 57.12702810274163,
      "y": 176.04745000317837
    },
    "con_022": {
      "x": 343.1479569895163,
      "y": 271.9823287254842
    },
    "con_030": {
      "x": 142.33376135333685,
      "y": 67.96686528231339
    },
    "con_002": {
      "x": 139.60000000000002,
      "y": 35
    },
    "con_032": {
      "x": 286.7500750696042,
      "y": 862.3800236026208
    },
    "con_045": {
      "x": 521.4434820648115,
      "y": 1036.1044915043494
    },
    "con_036": {
      "x": 1215.4110617319377,
      "y": 1051.1047037206147
    },
    "con_035": {
      "x": 707.0721163834555,
      "y": 1023.5416493465376
    },
    "con_034": {
      "x": 162.35655579619964,
      "y": 675.9043674674207
    },
    "con_033": {
      "x": 952.7300447151273,
      "y": 1160.837264770676
    },
    "con_031": {
      "x": 1659.1118911333576,
      "y": 977.5610404631234
    },
    "con_090": {
      "x": 69.7772725755645,
      "y": 447.70592758732084
    }
  },
  "backgrounds": {
    "enc_005": {
      "x": 40,
      "y": 40,
      "w": 360,
      "h": 659,
      "locked": false,
      "image": "IMG_1255.jpg"
    },
    "graph": {
      "x": -605.652333455942,
      "y": -1480.4443940371068,
      "w": 2956,
      "h": 2249,
      "locked": true,
      "image": "background.png"
    }
  },
  "connectorTypeSizes": {
    "deutsch_dt_12p_male": {
      "w": 36,