{
  "nodes": {
    "enc_006": {
      "x": -49.47867748865532,
      "y": 241.2267064486976
    },
    "pcb_006": {
      "x": 299.79999999999995,
      "y": -202
    },
    "pcb_007": {
      "x": -177,
      "y": 694
    },
    "pcb_005": {
      "x": 174.79999999999995,
      "y": 120
    },
    "enc_005": {
      "x": 678.2212101575292,
      "y": 311.06897136149234
    },
    "enc_003": {
      "x": 909.9110156713211,
      "y": -290.914215173153
    },
    "enc_004": {
      "x": 200,
      "y": 393.6600361663652
    },
    "enc_001": {
      "x": 1392.9089241311644,
      "y": -556.3138559032869
    },
    "pcb_002": {
      "x": 525.0899867807291,
      "y": 338.35379547358684
    },
    "pcb_004": {
      "x": 1042.0955007550942,
      "y": -242.37330100889992
    },
    "enc_002": {
      "x": -105.64796758965724,
      "y": -541.5933016880529
    },
    "pcb_003": {
      "x": 359.99875961230225,
      "y": -429.32839667583835
    },
    "pcb_001": {
      "x": 296.4,
      "y": 40
    },
    "enc_007": {
      "x": 1870.7559762914227,
      "y": -1056.151691580819
    },
    "enc_008": {
      "x": 1928.3411102167163,
      "y": 222.5749043883749
    }
  },
  "ports": {
    "con_039": {
      "x": 62.083261401188565,
      "y": 181.07617908679987
    },
    "con_031": {
      "x": 150,
      "y": 48
    },
    "con_032": {
      "x": 240,
      "y": 48
    },
    "con_033": {
      "x": 330,
      "y": 48
    },
    "con_034": {
      "x": 150,
      "y": 100
    },
    "con_035": {
      "x": 240,
      "y": 100
    },
    "con_036": {
      "x": 330,
      "y": 100
    },
    "con_045": {
      "x": 17.744365803406282,
      "y": 158
    },
    "con_003": {
      "x": 12,
      "y": 227.5189467015732
    },
    "con_004": {
      "x": 611.5624429925508,
      "y": 41.04951692097626
    },
    "con_005": {
      "x": 420.6621755478669,
      "y": 50.3022087842412
    },
    "con_006": {
      "x": 12,
      "y": 279.5189467015732
    },
    "con_007": {
      "x": 515.490188359415,
      "y": 170.48244309928472
    },
    "con_008": {
      "x": 1.8377341704862147,
      "y": 349.3528451800521
    },
    "con_009": {
      "x": 615.4636827578768,
      "y": 357.0132807299426
    },
    "con_010": {
      "x": 296.7998220715467,
      "y": 270.87371907552574
    },
    "con_011": {
      "x": 331.6677969569579,
      "y": 401.3528451800522
    },
    "con_012": {
      "x": 796.7124907976452,
      "y": 172.17951709565008
    },
    "con_013": {
      "x": 100.16226582951367,
      "y": 416.59816177032644
    },
    "con_014": {
      "x": 0,
      "y": 153.80217539078726
    },
    "con_015": {
      "x": 12,
      "y": 435.5189467015732
    },
    "con_030": {
      "x": 109.39991103577326,
      "y": 121.50936681945143
    }
  },
  "sizes": {
    "pcb_005": {
      "w": 261,
      "h": 220
    },
    "pcb_002": {
      "w": 896.7124907976452,
      "h": 543
    },
    "pcb_003": {
      "w": 443.47890629984,
      "h": 344.3117972362912
    },
    "enc_002": {
      "w": 488,
      "h": 222
    },
    "enc_005": {
      "w": 554,
      "h": 471
    },
    "con_005": {
      "w": 50,
      "h": 58
    },
    "con_039": {
      "w": 297,
      "h": 249
    },
    "con_045": {
      "w": 56,
      "h": 64
    }
  },
  "free": {
    "con_021": {
      "x": 413.1479569895163,
      "y": 279.9823287254842
    },
    "con_018": {
      "x": 340.1479569895163,
      "y": 145.9823287254842
    },
    "con_016": {
      "x": 385.1479569895163,
      "y": 76.98232872548418
    },
    "con_026": {
      "x": 70.14795698951627,
      "y": 122.98232872548418
    },
    "con_024": {
      "x": 75.14795698951627,
      "y": 233.9823287254842
    },
    "con_006": {
      "x": 173.28139710171592,
      "y": 33.30476778847094
    },
    "con_015": {
      "x": 122.57741378862113,
      "y": 246.922377413883
    },
    "con_012": {
      "x": 391.4405654400983,
      "y": 195.4792473145029
    },
    "con_013": {
      "x": 25,
      "y": 225.5686252971592
    },
    "con_014": {
      "x": 446.7661959243373,
      "y": 106.18173846274874
    },
    "con_027": {
      "x": 76.57884371422927,
      "y": 55.083812522932604
    },
    "con_009": {
      "x": 527.1626201114468,
      "y": 283.0560367420403
    },
    "con_005": {
      "x": 334.67481499281485,
      "y": 11
    },
    "con_011": {
      "x": 175.67481499281485,
      "y": 304.0560367420403
    },
    "con_023": {
      "x": 94.12702810274163,
      "y": 298.04745000317837
    },
    "con_029": {
      "x": 264.4721524718112,
      "y": 29.714251846803393
    },
    "con_017": {
      "x": 288.1479569895163,
      "y": 286.9823287254842
    },
    "con_019": {
      "x": 332.6528467889084,
      "y": 209.67957289309493
    },
    "con_020": {
      "x": 416.22883039122667,
      "y": 196.72183800062737
    },
    "con_028": {
      "x": 199.46265323923012,
      "y": 36.849440786964735
    },
    "con_040": {
      "x": 25,
      "y": 333.04745000317837
    },
    "con_025": {
      "x": 57.12702810274163,
      "y": 176.04745000317837
    },
    "con_022": {
      "x": 343.1479569895163,
      "y": 271.9823287254842
    },
    "con_030": {
      "x": 142.33376135333685,
      "y": 67.96686528231339
    },
    "con_002": {
      "x": 139.60000000000002,
      "y": 35
    },
    "con_032": {
      "x": 286.7500750696042,
      "y": 862.3800236026208
    },
    "con_045": {
      "x": 328.16110915253387,
      "y": 956.4985181473463
    },
    "con_036": {
      "x": 1215.4110617319377,
      "y": 1051.1047037206147
    },
    "con_035": {
      "x": 707.0721163834555,
      "y": 1023.5416493465376
    },
    "con_034": {
      "x": 162.35655579619964,
      "y": 675.9043674674207
    },
    "con_033": {
      "x": 712.7795449276603,
      "y": 661.7733140593458
    },
    "con_031": {
      "x": 1659.1118911333576,
      "y": 977.5610404631234
    }
  },
  "backgrounds": {
    "enc_005": {
      "x": 40,
      "y": 40,
      "w": 360,
      "h": 659,
      "locked": false,
      "image": "IMG_1255.jpg"
    },
    "graph": {
      "x": -605.652333455942,
      "y": -1480.4443940371068,
      "w": 2956,
      "h": 2249,
      "locked": true,
      "image": "background.png"
    }
  },
  "connectorTypeSizes": {
    "deutsch_dt_12p_male": {
      "w": 36,
      "h": 18
    },
    "deutsch_dt_12p_female": {
      "w": 38,
      "h": 40
    }
  },
  "textBoxes": {
    "tb_1775803185948": {
      "id": "tb_1775803185948",
      "x": -48.765132475540696,
      "y": 156.7884128935091,
      "w": 220,
      "h": 110,
      "text": "Text",
      "bgColor": "#1e293b",
      "textColor": "#f8fafc",
      "fontSize": 14,
      "fontFamily": "sans",
      "fontWeight": "normal",
      "textAlign": "left",
      "borderColor": "#4b5563",
      "borderWidth": 0,
      "borderRadius": 4,
      "opacity": 1,
      "padding": 10
    }
  },
  "waypoints": {
    "con_014_con_035": [
      {
        "junctionId": "jct_1775804295066"
      }
    ],
    "con_009_con_031": [
      {
        "junctionId": "jct_1775804295066"
      },
      {
        "junctionId": "jct_1775804301306"
      }
    ],
    "bundle_con_033_con_041": [
      {
        "x": 573,
        "y": 421
      }
    ],
    "bundle_con_034_con_038": [],
    "bundle_con_032_con_039": [
      {
        "x": 872.6561133149208,
        "y": 507.9672232675196
      }
    ]
  },
  "junctions": {
    "jct_1775804295066": {
      "id": "jct_1775804295066",
      "x": 573,
      "y": 421,
      "memberEdgeIds": [
        "con_014_con_035",
        "con_009_con_031"
      ]
    },
    "jct_1775804301306": {
      "id": "jct_1775804301306",
      "x": 466,
      "y": 157,
      "memberEdgeIds": [
        "con_009_con_031"
      ]
    }
  }
}
