{
  "nodes": {
    "enc_006": {
      "x": 306.7164179104477,
      "y": 515.223880597015
    },
    "pcb_006": {
      "x": 299.79999999999995,
      "y": -202
    },
    "pcb_007": {
      "x": -177,
      "y": 694
    },
    "pcb_005": {
      "x": 174.79999999999995,
      "y": 120
    },
    "enc_005": {
      "x": 495.1129696223023,
      "y": 311.06897136149234
    },
    "enc_003": {
      "x": 391.7476454609058,
      "y": -140.49565860558403
    }
  },
  "ports": {
    "con_015": {
      "edge": "left",
      "ratio": 0.212443095599393
    }
  },
  "sizes": {
    "pcb_005": {
      "w": 261,
      "h": 220
    }
  },
  "free": {
    "con_021": {
      "x": 109.20000000000002,
      "y": 32
    },
    "con_018": {
      "x": 66.20000000000005,
      "y": 120
    },
    "con_016": {
      "x": 87.20000000000005,
      "y": 82
    }
  },
  "backgrounds": {
    "enc_005": {
      "x": 40,
      "y": 40,
      "w": 360,
      "h": 659,
      "locked": false,
      "image": "set_this_to_ONE_PCB.png"
    },
    "graph": {
      "x": -203.26470035537102,
      "y": -265.89519317088764,
      "w": 1373,
      "h": 1240,
      "locked": false,
      "image": "background.png"
    }
  }
}